	Ligand_name	Ligand_pose	Ligand_occurrence_in_sdf	Interaction	Ligand_Atom	Ligand_X	Ligand_Y	Ligand_Z	Receptor_Number	Receptor_Chain	Receptor_Atom	Receptor_X	Receptor_Y	Receptor_Z	Distance
0	molecule_00001	1	1	CA	8	-4.2783	-3.5077	1.2037	22	A	OP1	-9.327	-2.535	1.945	5.19471
1	molecule_00001	1	1	CA	8	-4.2783	-3.5077	1.2037	22	A	OP2	-7.064	-1.394	2.347	3.67899
2	molecule_00001	2	2	CA	8	-6.6524	-4.902	-0.5031	22	A	OP1	-9.327	-2.535	1.945	4.33005
3	molecule_00001	2	2	CA	8	-6.6524	-4.902	-0.5031	22	A	OP2	-7.064	-1.394	2.347	4.53856
4	molecule_00001	2	2	CA	8	-6.6524	-4.902	-0.5031	23	A	OP2	-10.281	-4.449	-4.524	5.43503
5	molecule_00001	2	2	Pi_Stacking	1,6,5,4,3,2	-3.842	-2.52452	-1.53545	22	A	N9,C8,N7,C5,C4	-4.86	0.619	-1.9476	3.32985
6	molecule_00002	1	3	HB	4	-3.9626	-2.3051	-3.8579	22	A	N3	-4.5	0.834	-4.453	3.23989
7	molecule_00002	1	3	HB	4	-3.9626	-2.3051	-3.8579	23	A	O4'	-5.318	-3.46	-7.005	3.61596
8	molecule_00002	1	3	HB	4	-3.9626	-2.3051	-3.8579	26	A	N7	-3.07	-1.483	-6.814	3.19548
9	molecule_00002	1	3	HB	4	-3.9626	-2.3051	-3.8579	26	A	O6	-1.153	-1.866	-4.417	2.89815
10	molecule_00002	1	3	Pi_Cation	4	-3.9626	-2.3051	-3.8579	22	A	N9,C8,N7,C5,C4	-4.86	0.619	-1.9476	3.60624
11	molecule_00002	1	3	Pi_Stacking	1,6,5,4,3,2	-4.35758	-2.88385	-2.70382	22	A	N9,C8,N7,C5,C4	-4.86	0.619	-1.9476	3.6186
12	molecule_00002	1	3	Pi_Cation	4	-3.9626	-2.3051	-3.8579	22	A	C5,C6,N1,C2,N3,C4	-3.46367	0.94367	-3.466	3.31014
13	molecule_00002	1	3	Pi_Stacking	1,6,5,4,3,2	-4.35758	-2.88385	-2.70382	22	A	C5,C6,N1,C2,N3,C4	-3.46367	0.94367	-3.466	4.00374
14	molecule_00006	1	4	Pi_Stacking	1,6,5,4,3,2	-4.46157	-3.04802	-2.47503	22	A	N9,C8,N7,C5,C4	-4.86	0.619	-1.9476	3.72612
